Representation,Operation,Time
ComplexClassic,add,0.01438130000315141
ComplexClassic,mul,0.013788399999612011
ComplexRadix2j,add,1.1156330999947386
ComplexRadix2j,mul,1.3620049999881303
ComplexRadixJm1,add,1.7116089000046486
ComplexRadixJm1,mul,1.9635206000093604
